{
    "$schema": "http://schema.management.azure.com/schemas/2015-01-01/deploymentTemplate.json#",
    "contentVersion": "1.0.0.0",
    "parameters": {
        "factoryName": {
            "type": "string",
            "metadata": "Nombre de instancia de Data Factory",
            "defaultValue": "datafactoryproyectoazure"
        },
        "adlsproyectazurercc_accountKey": {
            "type": "secureString",
            "metadata": "Cadena protegida para \"accountKey\"de \"adlsproyectazurercc\""
        },
        "CosmosDb1_connectionString": {
            "type": "secureString",
            "metadata": "Cadena protegida para \"connectionString\"de \"CosmosDb1\""
        },
        "AzureDataLakeStorage1_accountKey": {
            "type": "secureString",
            "metadata": "Cadena protegida para \"accountKey\"de \"AzureDataLakeStorage1\""
        },
        "AzureDatabricks1_accessToken": {
            "type": "secureString",
            "metadata": "Cadena protegida para \"accessToken\"de \"AzureDatabricks1\""
        },
        "adlsproyectazurercc_properties_typeProperties_url": {
            "type": "string",
            "defaultValue": "https://adlsproyectazurercc.dfs.core.windows.net/"
        },
        "AzureDataLakeStorage1_properties_typeProperties_url": {
            "type": "string",
            "defaultValue": "https://adlsproyectazurercc.dfs.core.windows.net/"
        },
        "AzureDatabricks1_properties_typeProperties_existingClusterId": {
            "type": "string",
            "defaultValue": "1031-012802-gxnh9iva"
        },
        "containerUri": {
            "type": "string",
            "metadata": "URI de la cuenta de almacenamiento que contiene las plantillas de ARM vinculadas."
        },
        "containerSasToken": {
            "type": "string",
            "metadata": "Token de SAS para la cuenta de almacenamiento que contiene las plantillas de ARM vinculadas"
        }
    },
    "variables": {
        "factoryId": "[concat('Microsoft.DataFactory/factories/', parameters('factoryName'))]"
    },
    "resources": [
        {
            "name": "datafactoryproyectoazure_ArmTemplate_0",
            "type": "Microsoft.Resources/deployments",
            "apiVersion": "2018-02-01",
            "properties": {
                "mode": "incremental",
                "templateLink": {
                    "uri": "[concat(parameters('containerUri'), '/ArmTemplate_0.json', parameters('containerSasToken'))]",
                    "contentVersion": "1.0.0.0"
                },
                "parameters": {
                    "factoryName": {
                        "value": "[parameters('factoryName')]"
                    },
                    "adlsproyectazurercc_accountKey": {
                        "value": "[parameters('adlsproyectazurercc_accountKey')]"
                    },
                    "CosmosDb1_connectionString": {
                        "value": "[parameters('CosmosDb1_connectionString')]"
                    },
                    "AzureDataLakeStorage1_accountKey": {
                        "value": "[parameters('AzureDataLakeStorage1_accountKey')]"
                    },
                    "AzureDatabricks1_accessToken": {
                        "value": "[parameters('AzureDatabricks1_accessToken')]"
                    },
                    "adlsproyectazurercc_properties_typeProperties_url": {
                        "value": "[parameters('adlsproyectazurercc_properties_typeProperties_url')]"
                    },
                    "AzureDataLakeStorage1_properties_typeProperties_url": {
                        "value": "[parameters('AzureDataLakeStorage1_properties_typeProperties_url')]"
                    },
                    "AzureDatabricks1_properties_typeProperties_existingClusterId": {
                        "value": "[parameters('AzureDatabricks1_properties_typeProperties_existingClusterId')]"
                    }
                }
            },
            "dependsOn": []
        }
    ]
}