{
    "$schema": "https://schema.management.azure.com/schemas/2015-01-01/deploymentParameters.json#",
    "contentVersion": "1.0.0.0",
    "parameters": {
        "factoryName": {
            "value": "datafactoryproyectoazure"
        },
        "adlsproyectazurercc_accountKey": {
            "value": ""
        },
        "CosmosDb1_connectionString": {
            "value": ""
        },
        "AzureDataLakeStorage1_accountKey": {
            "value": ""
        },
        "AzureDatabricks1_accessToken": {
            "value": ""
        },
        "adlsproyectazurercc_properties_typeProperties_url": {
            "value": "https://adlsproyectazurercc.dfs.core.windows.net/"
        },
        "AzureDataLakeStorage1_properties_typeProperties_url": {
            "value": "https://adlsproyectazurercc.dfs.core.windows.net/"
        },
        "AzureDatabricks1_properties_typeProperties_existingClusterId": {
            "value": "1031-012802-gxnh9iva"
        },
        "containerUri": {
            "value": ""
        },
        "containerSasToken": {
            "value": ""
        }
    }
}