{
    "$schema": "https://schema.management.azure.com/schemas/2015-01-01/deploymentParameters.json#",
    "contentVersion": "1.0.0.0",
    "parameters": {
        "vulnerabilityAssessments_Default_storageContainerPath": {
            "value": null
        },
        "servers_proyectoazureserver_name": {
            "value": null
        },
        "vaults_proyectoazurekeyvault_name": {
            "value": null
        },
        "storageAccounts_adlsproyectazurercc_name": {
            "value": null
        },
        "workspaces_databricks_proyectoazure_name": {
            "value": null
        }
    }
}