{
    "$schema": "https://schema.management.azure.com/schemas/2019-04-01/deploymentTemplate.json#",
    "contentVersion": "1.0.0.0",
    "parameters": {
        "vulnerabilityAssessments_Default_storageContainerPath": {
            "type": "SecureString"
        },
        "servers_proyectoazureserver_name": {
            "defaultValue": "proyectoazureserver",
            "type": "String"
        },
        "vaults_proyectoazurekeyvault_name": {
            "defaultValue": "proyectoazurekeyvault",
            "type": "String"
        },
        "storageAccounts_adlsproyectazurercc_name": {
            "defaultValue": "adlsproyectazurercc",
            "type": "String"
        },
        "workspaces_databricks_proyectoazure_name": {
            "defaultValue": "databricks_proyectoazure",
            "type": "String"
        }
    },
    "variables": {},
    "resources": [
        {
            "type": "Microsoft.Databricks/workspaces",
            "apiVersion": "2022-04-01-preview",
            "name": "[parameters('workspaces_databricks_proyectoazure_name')]",
            "location": "eastus",
            "sku": {
                "name": "trial"
            },
            "properties": {
                "managedResourceGroupId": "[concat('/subscriptions/b37532ca-1328-45fc-ab39-4f4d711cf306/resourceGroups/databricks-rg-', parameters('workspaces_databricks_proyectoazure_name'), '-a3enremvlxtom')]",
                "parameters": {
                    "enableNoPublicIp": {
                        "type": "Bool",
                        "value": false
                    },
                    "natGatewayName": {
                        "type": "String",
                        "value": "nat-gateway"
                    },
                    "prepareEncryption": {
                        "type": "Bool",
                        "value": false
                    },
                    "publicIpName": {
                        "type": "String",
                        "value": "nat-gw-public-ip"
                    },
                    "requireInfrastructureEncryption": {
                        "type": "Bool",
                        "value": false
                    },
                    "storageAccountName": {
                        "type": "String",
                        "value": "dbstoragen466yvu2uqxtq"
                    },
                    "storageAccountSkuName": {
                        "type": "String",
                        "value": "Standard_GRS"
                    },
                    "vnetAddressPrefix": {
                        "type": "String",
                        "value": "10.139"
                    }
                },
                "authorizations": [
                    {
                        "principalId": "9a74af6f-d153-4348-988a-e2672920bee9",
                        "roleDefinitionId": "8e3af657-a8ff-443c-a75c-2fe8c4bcb635"
                    }
                ],
                "createdBy": {},
                "updatedBy": {},
                "createdDateTime": "2022-10-31T01:24:25.6309808Z"
            }
        },
        {
            "type": "Microsoft.KeyVault/vaults",
            "apiVersion": "2022-07-01",
            "name": "[parameters('vaults_proyectoazurekeyvault_name')]",
            "location": "eastus",
            "properties": {
                "sku": {
                    "family": "A",
                    "name": "standard"
                },
                "tenantId": "0e0cb060-09ad-49f5-a005-68b9b49aa1f6",
                "accessPolicies": [
                    {
                        "tenantId": "0e0cb060-09ad-49f5-a005-68b9b49aa1f6",
                        "objectId": "5e70757a-e31c-42a4-af93-0a85a1fdbdb8",
                        "permissions": {
                            "keys": [
                                "get",
                                "list",
                                "update",
                                "create",
                                "import",
                                "delete",
                                "recover",
                                "backup",
                                "restore",
                                "GetRotationPolicy",
                                "SetRotationPolicy",
                                "Rotate"
                            ],
                            "secrets": [
                                "get",
                                "list",
                                "set",
                                "delete",
                                "recover",
                                "backup",
                                "restore"
                            ],
                            "certificates": [
                                "get",
                                "list",
                                "update",
                                "create",
                                "import",
                                "delete",
                                "recover",
                                "backup",
                                "restore",
                                "managecontacts",
                                "manageissuers",
                                "getissuers",
                                "listissuers",
                                "setissuers",
                                "deleteissuers"
                            ]
                        }
                    },
                    {
                        "tenantId": "0e0cb060-09ad-49f5-a005-68b9b49aa1f6",
                        "objectId": "6bb8f6ef-899f-4901-b78d-57e29aa02cba",
                        "permissions": {
                            "secrets": [
                                "get",
                                "list"
                            ]
                        }
                    }
                ],
                "enabledForDeployment": false,
                "enabledForDiskEncryption": false,
                "enabledForTemplateDeployment": false,
                "enableSoftDelete": true,
                "softDeleteRetentionInDays": 90,
                "enableRbacAuthorization": false,
                "vaultUri": "[concat('https://', parameters('vaults_proyectoazurekeyvault_name'), '.vault.azure.net/')]",
                "provisioningState": "Succeeded",
                "publicNetworkAccess": "Enabled"
            }
        },
        {
            "type": "Microsoft.Sql/servers",
            "apiVersion": "2022-02-01-preview",
            "name": "[parameters('servers_proyectoazureserver_name')]",
            "location": "eastus",
            "kind": "v12.0",
            "properties": {
                "administratorLogin": "proyecto",
                "version": "12.0",
                "minimalTlsVersion": "1.2",
                "publicNetworkAccess": "Enabled",
                "restrictOutboundNetworkAccess": "Disabled"
            }
        },
        {
            "type": "Microsoft.Storage/storageAccounts",
            "apiVersion": "2022-05-01",
            "name": "[parameters('storageAccounts_adlsproyectazurercc_name')]",
            "location": "eastus",
            "sku": {
                "name": "Standard_LRS",
                "tier": "Standard"
            },
            "kind": "StorageV2",
            "properties": {
                "dnsEndpointType": "Standard",
                "defaultToOAuthAuthentication": false,
                "publicNetworkAccess": "Enabled",
                "allowCrossTenantReplication": false,
                "routingPreference": {
                    "routingChoice": "MicrosoftRouting",
                    "publishMicrosoftEndpoints": false,
                    "publishInternetEndpoints": false
                },
                "isSftpEnabled": false,
                "minimumTlsVersion": "TLS1_2",
                "allowBlobPublicAccess": true,
                "allowSharedKeyAccess": true,
                "isHnsEnabled": true,
                "networkAcls": {
                    "resourceAccessRules": [],
                    "bypass": "AzureServices",
                    "virtualNetworkRules": [],
                    "ipRules": [],
                    "defaultAction": "Allow"
                },
                "supportsHttpsTrafficOnly": true,
                "encryption": {
                    "requireInfrastructureEncryption": false,
                    "services": {
                        "file": {
                            "keyType": "Account",
                            "enabled": true
                        },
                        "blob": {
                            "keyType": "Account",
                            "enabled": true
                        }
                    },
                    "keySource": "Microsoft.Storage"
                },
                "accessTier": "Hot"
            }
        },
        {
            "type": "Microsoft.KeyVault/vaults/secrets",
            "apiVersion": "2022-07-01",
            "name": "[concat(parameters('vaults_proyectoazurekeyvault_name'), '/container')]",
            "location": "eastus",
            "dependsOn": [
                "[resourceId('Microsoft.KeyVault/vaults', parameters('vaults_proyectoazurekeyvault_name'))]"
            ],
            "properties": {
                "attributes": {
                    "enabled": true
                }
            }
        },
        {
            "type": "Microsoft.KeyVault/vaults/secrets",
            "apiVersion": "2022-07-01",
            "name": "[concat(parameters('vaults_proyectoazurekeyvault_name'), '/databasename')]",
            "location": "eastus",
            "dependsOn": [
                "[resourceId('Microsoft.KeyVault/vaults', parameters('vaults_proyectoazurekeyvault_name'))]"
            ],
            "properties": {
                "attributes": {
                    "enabled": true
                }
            }
        },
        {
            "type": "Microsoft.KeyVault/vaults/secrets",
            "apiVersion": "2022-07-01",
            "name": "[concat(parameters('vaults_proyectoazurekeyvault_name'), '/databasepasswords')]",
            "location": "eastus",
            "dependsOn": [
                "[resourceId('Microsoft.KeyVault/vaults', parameters('vaults_proyectoazurekeyvault_name'))]"
            ],
            "properties": {
                "attributes": {
                    "enabled": true
                }
            }
        },
        {
            "type": "Microsoft.KeyVault/vaults/secrets",
            "apiVersion": "2022-07-01",
            "name": "[concat(parameters('vaults_proyectoazurekeyvault_name'), '/databaseserver')]",
            "location": "eastus",
            "dependsOn": [
                "[resourceId('Microsoft.KeyVault/vaults', parameters('vaults_proyectoazurekeyvault_name'))]"
            ],
            "properties": {
                "attributes": {
                    "enabled": true
                }
            }
        },
        {
            "type": "Microsoft.KeyVault/vaults/secrets",
            "apiVersion": "2022-07-01",
            "name": "[concat(parameters('vaults_proyectoazurekeyvault_name'), '/databaseuser')]",
            "location": "eastus",
            "dependsOn": [
                "[resourceId('Microsoft.KeyVault/vaults', parameters('vaults_proyectoazurekeyvault_name'))]"
            ],
            "properties": {
                "attributes": {
                    "enabled": true
                }
            }
        },
        {
            "type": "Microsoft.KeyVault/vaults/secrets",
            "apiVersion": "2022-07-01",
            "name": "[concat(parameters('vaults_proyectoazurekeyvault_name'), '/storageaccount')]",
            "location": "eastus",
            "dependsOn": [
                "[resourceId('Microsoft.KeyVault/vaults', parameters('vaults_proyectoazurekeyvault_name'))]"
            ],
            "properties": {
                "attributes": {
                    "enabled": true
                }
            }
        },
        {
            "type": "Microsoft.KeyVault/vaults/secrets",
            "apiVersion": "2022-07-01",
            "name": "[concat(parameters('vaults_proyectoazurekeyvault_name'), '/storagedatalake')]",
            "location": "eastus",
            "dependsOn": [
                "[resourceId('Microsoft.KeyVault/vaults', parameters('vaults_proyectoazurekeyvault_name'))]"
            ],
            "properties": {
                "attributes": {
                    "enabled": true
                }
            }
        },
        {
            "type": "Microsoft.Sql/servers/advancedThreatProtectionSettings",
            "apiVersion": "2022-02-01-preview",
            "name": "[concat(parameters('servers_proyectoazureserver_name'), '/Default')]",
            "dependsOn": [
                "[resourceId('Microsoft.Sql/servers', parameters('servers_proyectoazureserver_name'))]"
            ],
            "properties": {
                "state": "Disabled"
            }
        },
        {
            "type": "Microsoft.Sql/servers/advisors",
            "apiVersion": "2014-04-01",
            "name": "[concat(parameters('servers_proyectoazureserver_name'), '/CreateIndex')]",
            "dependsOn": [
                "[resourceId('Microsoft.Sql/servers', parameters('servers_proyectoazureserver_name'))]"
            ],
            "properties": {
                "autoExecuteValue": "Disabled"
            }
        },
        {
            "type": "Microsoft.Sql/servers/advisors",
            "apiVersion": "2014-04-01",
            "name": "[concat(parameters('servers_proyectoazureserver_name'), '/DbParameterization')]",
            "dependsOn": [
                "[resourceId('Microsoft.Sql/servers', parameters('servers_proyectoazureserver_name'))]"
            ],
            "properties": {
                "autoExecuteValue": "Disabled"
            }
        },
        {
            "type": "Microsoft.Sql/servers/advisors",
            "apiVersion": "2014-04-01",
            "name": "[concat(parameters('servers_proyectoazureserver_name'), '/DefragmentIndex')]",
            "dependsOn": [
                "[resourceId('Microsoft.Sql/servers', parameters('servers_proyectoazureserver_name'))]"
            ],
            "properties": {
                "autoExecuteValue": "Disabled"
            }
        },
        {
            "type": "Microsoft.Sql/servers/advisors",
            "apiVersion": "2014-04-01",
            "name": "[concat(parameters('servers_proyectoazureserver_name'), '/DropIndex')]",
            "dependsOn": [
                "[resourceId('Microsoft.Sql/servers', parameters('servers_proyectoazureserver_name'))]"
            ],
            "properties": {
                "autoExecuteValue": "Disabled"
            }
        },
        {
            "type": "Microsoft.Sql/servers/advisors",
            "apiVersion": "2014-04-01",
            "name": "[concat(parameters('servers_proyectoazureserver_name'), '/ForceLastGoodPlan')]",
            "dependsOn": [
                "[resourceId('Microsoft.Sql/servers', parameters('servers_proyectoazureserver_name'))]"
            ],
            "properties": {
                "autoExecuteValue": "Enabled"
            }
        },
        {
            "type": "Microsoft.Sql/servers/auditingPolicies",
            "apiVersion": "2014-04-01",
            "name": "[concat(parameters('servers_proyectoazureserver_name'), '/Default')]",
            "location": "East US",
            "dependsOn": [
                "[resourceId('Microsoft.Sql/servers', parameters('servers_proyectoazureserver_name'))]"
            ],
            "properties": {
                "auditingState": "Disabled"
            }
        },
        {
            "type": "Microsoft.Sql/servers/auditingSettings",
            "apiVersion": "2022-02-01-preview",
            "name": "[concat(parameters('servers_proyectoazureserver_name'), '/Default')]",
            "dependsOn": [
                "[resourceId('Microsoft.Sql/servers', parameters('servers_proyectoazureserver_name'))]"
            ],
            "properties": {
                "retentionDays": 0,
                "auditActionsAndGroups": [],
                "isStorageSecondaryKeyInUse": false,
                "isAzureMonitorTargetEnabled": false,
                "isManagedIdentityInUse": false,
                "state": "Disabled",
                "storageAccountSubscriptionId": "00000000-0000-0000-0000-000000000000"
            }
        },
        {
            "type": "Microsoft.Sql/servers/connectionPolicies",
            "apiVersion": "2022-02-01-preview",
            "name": "[concat(parameters('servers_proyectoazureserver_name'), '/default')]",
            "location": "eastus",
            "dependsOn": [
                "[resourceId('Microsoft.Sql/servers', parameters('servers_proyectoazureserver_name'))]"
            ],
            "properties": {
                "connectionType": "Default"
            }
        },
        {
            "type": "Microsoft.Sql/servers/databases",
            "apiVersion": "2022-02-01-preview",
            "name": "[concat(parameters('servers_proyectoazureserver_name'), '/proyecto_database')]",
            "location": "eastus",
            "dependsOn": [
                "[resourceId('Microsoft.Sql/servers', parameters('servers_proyectoazureserver_name'))]"
            ],
            "sku": {
                "name": "GP_S_Gen5",
                "tier": "GeneralPurpose",
                "family": "Gen5",
                "capacity": 1
            },
            "kind": "v12.0,user,vcore,serverless",
            "properties": {
                "collation": "SQL_Latin1_General_CP1_CI_AS",
                "maxSizeBytes": 34359738368,
                "catalogCollation": "SQL_Latin1_General_CP1_CI_AS",
                "zoneRedundant": false,
                "readScale": "Disabled",
                "autoPauseDelay": 60,
                "requestedBackupStorageRedundancy": "Local",
                "minCapacity": 0.5,
                "maintenanceConfigurationId": "/subscriptions/b37532ca-1328-45fc-ab39-4f4d711cf306/providers/Microsoft.Maintenance/publicMaintenanceConfigurations/SQL_Default",
                "isLedgerOn": false
            }
        },
        {
            "type": "Microsoft.Sql/servers/databases/advancedThreatProtectionSettings",
            "apiVersion": "2022-02-01-preview",
            "name": "[concat(parameters('servers_proyectoazureserver_name'), '/master/Default')]",
            "dependsOn": [
                "[resourceId('Microsoft.Sql/servers', parameters('servers_proyectoazureserver_name'))]"
            ],
            "properties": {
                "state": "Disabled"
            }
        },
        {
            "type": "Microsoft.Sql/servers/databases/auditingPolicies",
            "apiVersion": "2014-04-01",
            "name": "[concat(parameters('servers_proyectoazureserver_name'), '/master/Default')]",
            "location": "East US",
            "dependsOn": [
                "[resourceId('Microsoft.Sql/servers', parameters('servers_proyectoazureserver_name'))]"
            ],
            "properties": {
                "auditingState": "Disabled"
            }
        },
        {
            "type": "Microsoft.Sql/servers/databases/auditingSettings",
            "apiVersion": "2022-02-01-preview",
            "name": "[concat(parameters('servers_proyectoazureserver_name'), '/master/Default')]",
            "dependsOn": [
                "[resourceId('Microsoft.Sql/servers', parameters('servers_proyectoazureserver_name'))]"
            ],
            "properties": {
                "retentionDays": 0,
                "isAzureMonitorTargetEnabled": false,
                "state": "Disabled",
                "storageAccountSubscriptionId": "00000000-0000-0000-0000-000000000000"
            }
        },
        {
            "type": "Microsoft.Sql/servers/databases/extendedAuditingSettings",
            "apiVersion": "2022-02-01-preview",
            "name": "[concat(parameters('servers_proyectoazureserver_name'), '/master/Default')]",
            "dependsOn": [
                "[resourceId('Microsoft.Sql/servers', parameters('servers_proyectoazureserver_name'))]"
            ],
            "properties": {
                "retentionDays": 0,
                "isAzureMonitorTargetEnabled": false,
                "state": "Disabled",
                "storageAccountSubscriptionId": "00000000-0000-0000-0000-000000000000"
            }
        },
        {
            "type": "Microsoft.Sql/servers/databases/geoBackupPolicies",
            "apiVersion": "2014-04-01",
            "name": "[concat(parameters('servers_proyectoazureserver_name'), '/master/Default')]",
            "location": "East US",
            "dependsOn": [
                "[resourceId('Microsoft.Sql/servers', parameters('servers_proyectoazureserver_name'))]"
            ],
            "properties": {
                "state": "Disabled"
            }
        },
        {
            "type": "Microsoft.Sql/servers/databases/ledgerDigestUploads",
            "apiVersion": "2022-02-01-preview",
            "name": "[concat(parameters('servers_proyectoazureserver_name'), '/master/Current')]",
            "dependsOn": [
                "[resourceId('Microsoft.Sql/servers', parameters('servers_proyectoazureserver_name'))]"
            ],
            "properties": {}
        },
        {
            "type": "Microsoft.Sql/servers/databases/securityAlertPolicies",
            "apiVersion": "2022-02-01-preview",
            "name": "[concat(parameters('servers_proyectoazureserver_name'), '/master/Default')]",
            "dependsOn": [
                "[resourceId('Microsoft.Sql/servers', parameters('servers_proyectoazureserver_name'))]"
            ],
            "properties": {
                "state": "Disabled",
                "disabledAlerts": [
                    ""
                ],
                "emailAddresses": [
                    ""
                ],
                "emailAccountAdmins": false,
                "retentionDays": 0
            }
        },
        {
            "type": "Microsoft.Sql/servers/databases/transparentDataEncryption",
            "apiVersion": "2022-02-01-preview",
            "name": "[concat(parameters('servers_proyectoazureserver_name'), '/master/Current')]",
            "dependsOn": [
                "[resourceId('Microsoft.Sql/servers', parameters('servers_proyectoazureserver_name'))]"
            ],
            "properties": {
                "state": "Disabled"
            }
        },
        {
            "type": "Microsoft.Sql/servers/databases/vulnerabilityAssessments",
            "apiVersion": "2022-02-01-preview",
            "name": "[concat(parameters('servers_proyectoazureserver_name'), '/master/Default')]",
            "dependsOn": [
                "[resourceId('Microsoft.Sql/servers', parameters('servers_proyectoazureserver_name'))]"
            ],
            "properties": {
                "recurringScans": {
                    "isEnabled": false,
                    "emailSubscriptionAdmins": true
                }
            }
        },
        {
            "type": "Microsoft.Sql/servers/devOpsAuditingSettings",
            "apiVersion": "2022-02-01-preview",
            "name": "[concat(parameters('servers_proyectoazureserver_name'), '/Default')]",
            "dependsOn": [
                "[resourceId('Microsoft.Sql/servers', parameters('servers_proyectoazureserver_name'))]"
            ],
            "properties": {
                "isAzureMonitorTargetEnabled": false,
                "isManagedIdentityInUse": false,
                "state": "Disabled",
                "storageAccountSubscriptionId": "00000000-0000-0000-0000-000000000000"
            }
        },
        {
            "type": "Microsoft.Sql/servers/encryptionProtector",
            "apiVersion": "2022-02-01-preview",
            "name": "[concat(parameters('servers_proyectoazureserver_name'), '/current')]",
            "dependsOn": [
                "[resourceId('Microsoft.Sql/servers', parameters('servers_proyectoazureserver_name'))]"
            ],
            "kind": "servicemanaged",
            "properties": {
                "serverKeyName": "ServiceManaged",
                "serverKeyType": "ServiceManaged",
                "autoRotationEnabled": false
            }
        },
        {
            "type": "Microsoft.Sql/servers/extendedAuditingSettings",
            "apiVersion": "2022-02-01-preview",
            "name": "[concat(parameters('servers_proyectoazureserver_name'), '/Default')]",
            "dependsOn": [
                "[resourceId('Microsoft.Sql/servers', parameters('servers_proyectoazureserver_name'))]"
            ],
            "properties": {
                "retentionDays": 0,
                "auditActionsAndGroups": [],
                "isStorageSecondaryKeyInUse": false,
                "isAzureMonitorTargetEnabled": false,
                "isManagedIdentityInUse": false,
                "state": "Disabled",
                "storageAccountSubscriptionId": "00000000-0000-0000-0000-000000000000"
            }
        },
        {
            "type": "Microsoft.Sql/servers/firewallRules",
            "apiVersion": "2022-02-01-preview",
            "name": "[concat(parameters('servers_proyectoazureserver_name'), '/AllowAllWindowsAzureIps')]",
            "dependsOn": [
                "[resourceId('Microsoft.Sql/servers', parameters('servers_proyectoazureserver_name'))]"
            ]
        },
        {
            "type": "Microsoft.Sql/servers/firewallRules",
            "apiVersion": "2022-02-01-preview",
            "name": "[concat(parameters('servers_proyectoazureserver_name'), '/db')]",
            "dependsOn": [
                "[resourceId('Microsoft.Sql/servers', parameters('servers_proyectoazureserver_name'))]"
            ]
        },
        {
            "type": "Microsoft.Sql/servers/firewallRules",
            "apiVersion": "2022-02-01-preview",
            "name": "[concat(parameters('servers_proyectoazureserver_name'), '/query-editor-45af47')]",
            "dependsOn": [
                "[resourceId('Microsoft.Sql/servers', parameters('servers_proyectoazureserver_name'))]"
            ]
        },
        {
            "type": "Microsoft.Sql/servers/keys",
            "apiVersion": "2022-02-01-preview",
            "name": "[concat(parameters('servers_proyectoazureserver_name'), '/ServiceManaged')]",
            "dependsOn": [
                "[resourceId('Microsoft.Sql/servers', parameters('servers_proyectoazureserver_name'))]"
            ],
            "kind": "servicemanaged",
            "properties": {
                "serverKeyType": "ServiceManaged"
            }
        },
        {
            "type": "Microsoft.Sql/servers/securityAlertPolicies",
            "apiVersion": "2022-02-01-preview",
            "name": "[concat(parameters('servers_proyectoazureserver_name'), '/Default')]",
            "dependsOn": [
                "[resourceId('Microsoft.Sql/servers', parameters('servers_proyectoazureserver_name'))]"
            ],
            "properties": {
                "state": "Disabled",
                "disabledAlerts": [
                    ""
                ],
                "emailAddresses": [
                    ""
                ],
                "emailAccountAdmins": false,
                "retentionDays": 0
            }
        },
        {
            "type": "Microsoft.Sql/servers/sqlVulnerabilityAssessments",
            "apiVersion": "2022-02-01-preview",
            "name": "[concat(parameters('servers_proyectoazureserver_name'), '/Default')]",
            "dependsOn": [
                "[resourceId('Microsoft.Sql/servers', parameters('servers_proyectoazureserver_name'))]"
            ],
            "properties": {
                "state": "Disabled"
            }
        },
        {
            "type": "Microsoft.Sql/servers/vulnerabilityAssessments",
            "apiVersion": "2022-02-01-preview",
            "name": "[concat(parameters('servers_proyectoazureserver_name'), '/Default')]",
            "dependsOn": [
                "[resourceId('Microsoft.Sql/servers', parameters('servers_proyectoazureserver_name'))]"
            ],
            "properties": {
                "recurringScans": {
                    "isEnabled": false,
                    "emailSubscriptionAdmins": true
                },
                "storageContainerPath": "[parameters('vulnerabilityAssessments_Default_storageContainerPath')]"
            }
        },
        {
            "type": "Microsoft.Storage/storageAccounts/blobServices",
            "apiVersion": "2022-05-01",
            "name": "[concat(parameters('storageAccounts_adlsproyectazurercc_name'), '/default')]",
            "dependsOn": [
                "[resourceId('Microsoft.Storage/storageAccounts', parameters('storageAccounts_adlsproyectazurercc_name'))]"
            ],
            "sku": {
                "name": "Standard_LRS",
                "tier": "Standard"
            },
            "properties": {
                "containerDeleteRetentionPolicy": {
                    "enabled": true,
                    "days": 7
                },
                "cors": {
                    "corsRules": []
                },
                "deleteRetentionPolicy": {
                    "allowPermanentDelete": false,
                    "enabled": true,
                    "days": 7
                }
            }
        },
        {
            "type": "Microsoft.Storage/storageAccounts/fileServices",
            "apiVersion": "2022-05-01",
            "name": "[concat(parameters('storageAccounts_adlsproyectazurercc_name'), '/default')]",
            "dependsOn": [
                "[resourceId('Microsoft.Storage/storageAccounts', parameters('storageAccounts_adlsproyectazurercc_name'))]"
            ],
            "sku": {
                "name": "Standard_LRS",
                "tier": "Standard"
            },
            "properties": {
                "protocolSettings": {
                    "smb": {}
                },
                "cors": {
                    "corsRules": []
                },
                "shareDeleteRetentionPolicy": {
                    "enabled": true,
                    "days": 7
                }
            }
        },
        {
            "type": "Microsoft.Storage/storageAccounts/queueServices",
            "apiVersion": "2022-05-01",
            "name": "[concat(parameters('storageAccounts_adlsproyectazurercc_name'), '/default')]",
            "dependsOn": [
                "[resourceId('Microsoft.Storage/storageAccounts', parameters('storageAccounts_adlsproyectazurercc_name'))]"
            ],
            "properties": {
                "cors": {
                    "corsRules": []
                }
            }
        },
        {
            "type": "Microsoft.Storage/storageAccounts/tableServices",
            "apiVersion": "2022-05-01",
            "name": "[concat(parameters('storageAccounts_adlsproyectazurercc_name'), '/default')]",
            "dependsOn": [
                "[resourceId('Microsoft.Storage/storageAccounts', parameters('storageAccounts_adlsproyectazurercc_name'))]"
            ],
            "properties": {
                "cors": {
                    "corsRules": []
                }
            }
        },
        {
            "type": "Microsoft.Sql/servers/databases/advancedThreatProtectionSettings",
            "apiVersion": "2022-02-01-preview",
            "name": "[concat(parameters('servers_proyectoazureserver_name'), '/proyecto_database/Default')]",
            "dependsOn": [
                "[resourceId('Microsoft.Sql/servers/databases', parameters('servers_proyectoazureserver_name'), 'proyecto_database')]",
                "[resourceId('Microsoft.Sql/servers', parameters('servers_proyectoazureserver_name'))]"
            ],
            "properties": {
                "state": "Disabled"
            }
        },
        {
            "type": "Microsoft.Sql/servers/databases/advisors",
            "apiVersion": "2014-04-01",
            "name": "[concat(parameters('servers_proyectoazureserver_name'), '/proyecto_database/CreateIndex')]",
            "dependsOn": [
                "[resourceId('Microsoft.Sql/servers/databases', parameters('servers_proyectoazureserver_name'), 'proyecto_database')]",
                "[resourceId('Microsoft.Sql/servers', parameters('servers_proyectoazureserver_name'))]"
            ],
            "properties": {
                "autoExecuteValue": "Disabled"
            }
        },
        {
            "type": "Microsoft.Sql/servers/databases/advisors",
            "apiVersion": "2014-04-01",
            "name": "[concat(parameters('servers_proyectoazureserver_name'), '/proyecto_database/DbParameterization')]",
            "dependsOn": [
                "[resourceId('Microsoft.Sql/servers/databases', parameters('servers_proyectoazureserver_name'), 'proyecto_database')]",
                "[resourceId('Microsoft.Sql/servers', parameters('servers_proyectoazureserver_name'))]"
            ],
            "properties": {
                "autoExecuteValue": "Disabled"
            }
        },
        {
            "type": "Microsoft.Sql/servers/databases/advisors",
            "apiVersion": "2014-04-01",
            "name": "[concat(parameters('servers_proyectoazureserver_name'), '/proyecto_database/DefragmentIndex')]",
            "dependsOn": [
                "[resourceId('Microsoft.Sql/servers/databases', parameters('servers_proyectoazureserver_name'), 'proyecto_database')]",
                "[resourceId('Microsoft.Sql/servers', parameters('servers_proyectoazureserver_name'))]"
            ],
            "properties": {
                "autoExecuteValue": "Disabled"
            }
        },
        {
            "type": "Microsoft.Sql/servers/databases/advisors",
            "apiVersion": "2014-04-01",
            "name": "[concat(parameters('servers_proyectoazureserver_name'), '/proyecto_database/DropIndex')]",
            "dependsOn": [
                "[resourceId('Microsoft.Sql/servers/databases', parameters('servers_proyectoazureserver_name'), 'proyecto_database')]",
                "[resourceId('Microsoft.Sql/servers', parameters('servers_proyectoazureserver_name'))]"
            ],
            "properties": {
                "autoExecuteValue": "Disabled"
            }
        },
        {
            "type": "Microsoft.Sql/servers/databases/advisors",
            "apiVersion": "2014-04-01",
            "name": "[concat(parameters('servers_proyectoazureserver_name'), '/proyecto_database/ForceLastGoodPlan')]",
            "dependsOn": [
                "[resourceId('Microsoft.Sql/servers/databases', parameters('servers_proyectoazureserver_name'), 'proyecto_database')]",
                "[resourceId('Microsoft.Sql/servers', parameters('servers_proyectoazureserver_name'))]"
            ],
            "properties": {
                "autoExecuteValue": "Enabled"
            }
        },
        {
            "type": "Microsoft.Sql/servers/databases/auditingPolicies",
            "apiVersion": "2014-04-01",
            "name": "[concat(parameters('servers_proyectoazureserver_name'), '/proyecto_database/Default')]",
            "location": "East US",
            "dependsOn": [
                "[resourceId('Microsoft.Sql/servers/databases', parameters('servers_proyectoazureserver_name'), 'proyecto_database')]",
                "[resourceId('Microsoft.Sql/servers', parameters('servers_proyectoazureserver_name'))]"
            ],
            "properties": {
                "auditingState": "Disabled"
            }
        },
        {
            "type": "Microsoft.Sql/servers/databases/auditingSettings",
            "apiVersion": "2022-02-01-preview",
            "name": "[concat(parameters('servers_proyectoazureserver_name'), '/proyecto_database/Default')]",
            "dependsOn": [
                "[resourceId('Microsoft.Sql/servers/databases', parameters('servers_proyectoazureserver_name'), 'proyecto_database')]",
                "[resourceId('Microsoft.Sql/servers', parameters('servers_proyectoazureserver_name'))]"
            ],
            "properties": {
                "retentionDays": 0,
                "isAzureMonitorTargetEnabled": false,
                "state": "Disabled",
                "storageAccountSubscriptionId": "00000000-0000-0000-0000-000000000000"
            }
        },
        {
            "type": "Microsoft.Sql/servers/databases/backupLongTermRetentionPolicies",
            "apiVersion": "2022-02-01-preview",
            "name": "[concat(parameters('servers_proyectoazureserver_name'), '/proyecto_database/default')]",
            "dependsOn": [
                "[resourceId('Microsoft.Sql/servers/databases', parameters('servers_proyectoazureserver_name'), 'proyecto_database')]",
                "[resourceId('Microsoft.Sql/servers', parameters('servers_proyectoazureserver_name'))]"
            ],
            "properties": {
                "weeklyRetention": "PT0S",
                "monthlyRetention": "PT0S",
                "yearlyRetention": "PT0S",
                "weekOfYear": 0
            }
        },
        {
            "type": "Microsoft.Sql/servers/databases/backupShortTermRetentionPolicies",
            "apiVersion": "2022-02-01-preview",
            "name": "[concat(parameters('servers_proyectoazureserver_name'), '/proyecto_database/default')]",
            "dependsOn": [
                "[resourceId('Microsoft.Sql/servers/databases', parameters('servers_proyectoazureserver_name'), 'proyecto_database')]",
                "[resourceId('Microsoft.Sql/servers', parameters('servers_proyectoazureserver_name'))]"
            ],
            "properties": {
                "retentionDays": 7,
                "diffBackupIntervalInHours": 12
            }
        },
        {
            "type": "Microsoft.Sql/servers/databases/extendedAuditingSettings",
            "apiVersion": "2022-02-01-preview",
            "name": "[concat(parameters('servers_proyectoazureserver_name'), '/proyecto_database/Default')]",
            "dependsOn": [
                "[resourceId('Microsoft.Sql/servers/databases', parameters('servers_proyectoazureserver_name'), 'proyecto_database')]",
                "[resourceId('Microsoft.Sql/servers', parameters('servers_proyectoazureserver_name'))]"
            ],
            "properties": {
                "retentionDays": 0,
                "isAzureMonitorTargetEnabled": false,
                "state": "Disabled",
                "storageAccountSubscriptionId": "00000000-0000-0000-0000-000000000000"
            }
        },
        {
            "type": "Microsoft.Sql/servers/databases/geoBackupPolicies",
            "apiVersion": "2014-04-01",
            "name": "[concat(parameters('servers_proyectoazureserver_name'), '/proyecto_database/Default')]",
            "location": "East US",
            "dependsOn": [
                "[resourceId('Microsoft.Sql/servers/databases', parameters('servers_proyectoazureserver_name'), 'proyecto_database')]",
                "[resourceId('Microsoft.Sql/servers', parameters('servers_proyectoazureserver_name'))]"
            ],
            "properties": {
                "state": "Disabled"
            }
        },
        {
            "type": "Microsoft.Sql/servers/databases/ledgerDigestUploads",
            "apiVersion": "2022-02-01-preview",
            "name": "[concat(parameters('servers_proyectoazureserver_name'), '/proyecto_database/Current')]",
            "dependsOn": [
                "[resourceId('Microsoft.Sql/servers/databases', parameters('servers_proyectoazureserver_name'), 'proyecto_database')]",
                "[resourceId('Microsoft.Sql/servers', parameters('servers_proyectoazureserver_name'))]"
            ],
            "properties": {}
        },
        {
            "type": "Microsoft.Sql/servers/databases/securityAlertPolicies",
            "apiVersion": "2022-02-01-preview",
            "name": "[concat(parameters('servers_proyectoazureserver_name'), '/proyecto_database/Default')]",
            "dependsOn": [
                "[resourceId('Microsoft.Sql/servers/databases', parameters('servers_proyectoazureserver_name'), 'proyecto_database')]",
                "[resourceId('Microsoft.Sql/servers', parameters('servers_proyectoazureserver_name'))]"
            ],
            "properties": {
                "state": "Disabled",
                "disabledAlerts": [
                    ""
                ],
                "emailAddresses": [
                    ""
                ],
                "emailAccountAdmins": false,
                "retentionDays": 0
            }
        },
        {
            "type": "Microsoft.Sql/servers/databases/transparentDataEncryption",
            "apiVersion": "2022-02-01-preview",
            "name": "[concat(parameters('servers_proyectoazureserver_name'), '/proyecto_database/Current')]",
            "dependsOn": [
                "[resourceId('Microsoft.Sql/servers/databases', parameters('servers_proyectoazureserver_name'), 'proyecto_database')]",
                "[resourceId('Microsoft.Sql/servers', parameters('servers_proyectoazureserver_name'))]"
            ],
            "properties": {
                "state": "Enabled"
            }
        },
        {
            "type": "Microsoft.Sql/servers/databases/vulnerabilityAssessments",
            "apiVersion": "2022-02-01-preview",
            "name": "[concat(parameters('servers_proyectoazureserver_name'), '/proyecto_database/Default')]",
            "dependsOn": [
                "[resourceId('Microsoft.Sql/servers/databases', parameters('servers_proyectoazureserver_name'), 'proyecto_database')]",
                "[resourceId('Microsoft.Sql/servers', parameters('servers_proyectoazureserver_name'))]"
            ],
            "properties": {
                "recurringScans": {
                    "isEnabled": false,
                    "emailSubscriptionAdmins": true
                }
            }
        },
        {
            "type": "Microsoft.Storage/storageAccounts/blobServices/containers",
            "apiVersion": "2022-05-01",
            "name": "[concat(parameters('storageAccounts_adlsproyectazurercc_name'), '/default/dbfs')]",
            "dependsOn": [
                "[resourceId('Microsoft.Storage/storageAccounts/blobServices', parameters('storageAccounts_adlsproyectazurercc_name'), 'default')]",
                "[resourceId('Microsoft.Storage/storageAccounts', parameters('storageAccounts_adlsproyectazurercc_name'))]"
            ],
            "properties": {
                "immutableStorageWithVersioning": {
                    "enabled": false
                },
                "defaultEncryptionScope": "$account-encryption-key",
                "denyEncryptionScopeOverride": false,
                "publicAccess": "None"
            }
        },
        {
            "type": "Microsoft.Storage/storageAccounts/blobServices/containers",
            "apiVersion": "2022-05-01",
            "name": "[concat(parameters('storageAccounts_adlsproyectazurercc_name'), '/default/source')]",
            "dependsOn": [
                "[resourceId('Microsoft.Storage/storageAccounts/blobServices', parameters('storageAccounts_adlsproyectazurercc_name'), 'default')]",
                "[resourceId('Microsoft.Storage/storageAccounts', parameters('storageAccounts_adlsproyectazurercc_name'))]"
            ],
            "properties": {
                "immutableStorageWithVersioning": {
                    "enabled": false
                },
                "defaultEncryptionScope": "$account-encryption-key",
                "denyEncryptionScopeOverride": false,
                "publicAccess": "None"
            }
        }
    ]
}